<Driver Description="Describe the purpose of your CloudShell shell" MainClass="driver.RaritanPx2IpduGen2Driver" Name="RaritanPx2IpduGen2Driver" Version="1.0.0">
    <Layout>
        <Category Name="Hidden Commands">
            <Command Description="" DisplayName="Orchestration Save" Name="orchestration_save" />
            <Command Description="" DisplayName="Orchestration Restore" Name="orchestration_restore" />
        </Category>
        <Category Name="Power">
            <Command Name="PowerOn" DisplayName="Power On" Tags="power" Description="Power on device">
            </Command>
            <Command Name="PowerOff" DisplayName="Power Off" Tags="power" Description="Power off device">
            </Command>
            <Command Name="PowerCycle" DisplayName="Power Cycle" Tags="power" Description="Power off, then power on device">
                <Parameters>
                    <Parameter Name="delay" DisplayName="Delay" Type="String" Mandatory="False" DefaultValue="0"/>
                </Parameters>
            </Command>
        </Category>
    </Layout>
</Driver>
